Type,Root Function Name,Function Name,Number of Calls,Elapsed Inclusive Time %,Elapsed Exclusive Time %,Avg Elapsed Inclusive Time,Avg Elapsed Exclusive Time,Module Name
,,,,,,,,
,,,,,,,,
,,,,,,,,
,,,,,,,,
,,,,,,,,
,,,,,,,,
Caller,__CheckForDebuggerJustMyCode,AESEncryption,10,0,0,0,0,performance_analyzing.exe
Caller,__CheckForDebuggerJustMyCode,Array_1d_to_2d,12,0.02,0.02,0,0,performance_analyzing.exe
Caller,__CheckForDebuggerJustMyCode,array_1d_to_str,2,0,0,0,0,performance_analyzing.exe
Caller,__CheckForDebuggerJustMyCode,Array_2d_to_1d,12,0,0,0,0,performance_analyzing.exe
Caller,__CheckForDebuggerJustMyCode,ciphertext_blocks_to_str,2,0,0,0,0,performance_analyzing.exe
Caller,__CheckForDebuggerJustMyCode,error_Handler,2,0,0,0,0,performance_analyzing.exe
Caller,__CheckForDebuggerJustMyCode,hex_to_int,320,0.08,0.08,0,0,performance_analyzing.exe
Caller,__CheckForDebuggerJustMyCode,int_to_hex,200,0.06,0.06,0,0,performance_analyzing.exe
Caller,__CheckForDebuggerJustMyCode,inverseMixedColumn,18,0,0,0,0,performance_analyzing.exe
Caller,__CheckForDebuggerJustMyCode,inverseSubShiftRow,20,0,0,0,0,performance_analyzing.exe
Caller,__CheckForDebuggerJustMyCode,L_Array_Length,2,0,0,0,0,performance_analyzing.exe
Caller,__CheckForDebuggerJustMyCode,main,1,0,0,0,0,performance_analyzing.exe
Caller,__CheckForDebuggerJustMyCode,mixColumns,90,0.03,0.03,0,0,performance_analyzing.exe
Caller,__CheckForDebuggerJustMyCode,ntz,4,0,0,0,0,performance_analyzing.exe
Caller,__CheckForDebuggerJustMyCode,Number_of_Blocks,2,0,0,0,0,performance_analyzing.exe
Caller,__CheckForDebuggerJustMyCode,OCB_enc_dyc,2,0,0,0,0,performance_analyzing.exe
Caller,__CheckForDebuggerJustMyCode,OCB_init,2,0,0,0,0,performance_analyzing.exe
Caller,__CheckForDebuggerJustMyCode,OCB_L_Shift,4,0,0,0,0,performance_analyzing.exe
Caller,__CheckForDebuggerJustMyCode,OCB_R_Shift,2,0,0,0,0,performance_analyzing.exe
Caller,__CheckForDebuggerJustMyCode,plainntext_to_blocks,2,0,0,0,0,performance_analyzing.exe
,,,,,,,,
Caller,__CheckForDebuggerJustMyCode,R_Boxes,"6,032",1.97,1.97,0,0,performance_analyzing.exe
Caller,__CheckForDebuggerJustMyCode,Rot_Sub_Rcon_word,20,0,0,0,0,performance_analyzing.exe
Caller,__CheckForDebuggerJustMyCode,round_keys_generator,2,0,0,0,0,performance_analyzing.exe
Caller,__CheckForDebuggerJustMyCode,str_to_Uchar_array,4,0,0,0,0,performance_analyzing.exe
Caller,__CheckForDebuggerJustMyCode,SubShiftRow,100,0.02,0.02,0,0,performance_analyzing.exe
Caller,__CheckForDebuggerJustMyCode,Tag_remover,1,0,0,0,0,performance_analyzing.exe
Caller,__CheckForDebuggerJustMyCode,xor_arrays,32,0,0,0,0,performance_analyzing.exe
Caller,__CheckForDebuggerJustMyCode,zero_padding,2,0,0,0,0,performance_analyzing.exe
,,,,,,,,
Caller,__chkstk,main,1,0.05,0.05,0.01,0.01,performance_analyzing.exe
Caller,__chkstk,OCB_enc_dyc,2,0.24,0.24,0.02,0.02,performance_analyzing.exe
Caller,__chkstk,Tag_remover,1,0.09,0.09,0.01,0.01,performance_analyzing.exe
,,,,,,,,
Caller,__DebuggerCurrentSteppingThreadId,OCB_enc_dyc,2,13.34,0.12,0.96,0.01,performance_analyzing.exe
,,,,,,,,
,,,,,,,,
,,,,,,,,
Callee,__DebuggerCurrentSteppingThreadId,inverseMixedColumn,18,10.72,0.71,0.09,0.01,performance_analyzing.exe
Callee,__DebuggerCurrentSteppingThreadId,inverseSubShiftRow,20,2.5,0.28,0.02,0,performance_analyzing.exe
Caller,__security_check_cookie,AESEncryption,10,0.01,0.01,0,0,performance_analyzing.exe
Caller,__security_check_cookie,inverseMixedColumn,18,0.01,0.01,0,0,performance_analyzing.exe
Caller,__security_check_cookie,main,1,0,0,0,0,performance_analyzing.exe
Caller,__security_check_cookie,mixColumns,90,0.05,0.05,0,0,performance_analyzing.exe
Caller,__security_check_cookie,OCB_enc_dyc,2,0,0,0,0,performance_analyzing.exe
Caller,__security_check_cookie,OCB_init,2,0,0,0,0,performance_analyzing.exe
Caller,__security_check_cookie,plainntext_to_blocks,2,0,0,0,0,performance_analyzing.exe
,,,,,,,,
Caller,__security_check_cookie,round_keys_generator,2,0,0,0,0,performance_analyzing.exe
Caller,__security_check_cookie,zero_padding,2,0,0,0,0,performance_analyzing.exe
,,,,,,,,
Caller,_RTC_CheckStackVars,AESEncryption,10,0.02,0.02,0,0,performance_analyzing.exe
Caller,_RTC_CheckStackVars,inverseMixedColumn,18,0.02,0.02,0,0,performance_analyzing.exe
Caller,_RTC_CheckStackVars,main,1,0,0,0,0,performance_analyzing.exe
Caller,_RTC_CheckStackVars,mixColumns,90,0.04,0.04,0,0,performance_analyzing.exe
Caller,_RTC_CheckStackVars,OCB_enc_dyc,2,0.01,0.01,0,0,performance_analyzing.exe
Caller,_RTC_CheckStackVars,OCB_init,2,0.01,0.01,0,0,performance_analyzing.exe
Caller,_RTC_CheckStackVars,plainntext_to_blocks,2,0.01,0.01,0,0,performance_analyzing.exe
Caller,_RTC_CheckStackVars,printf,7,0,0,0,0,performance_analyzing.exe
Caller,_RTC_CheckStackVars,R_Boxes,288,0.17,0.17,0,0,performance_analyzing.exe
Caller,_RTC_CheckStackVars,R_Boxes,288,0.09,0.09,0,0,performance_analyzing.exe
Caller,_RTC_CheckStackVars,R_Boxes,320,0.09,0.09,0,0,performance_analyzing.exe
Caller,_RTC_CheckStackVars,R_Boxes,"1,440",0.98,0.98,0,0,performance_analyzing.exe
Caller,_RTC_CheckStackVars,R_Boxes,"1,440",0.58,0.58,0,0,performance_analyzing.exe
Caller,_RTC_CheckStackVars,R_Boxes,288,0.17,0.17,0,0,performance_analyzing.exe
Caller,_RTC_CheckStackVars,R_Boxes,288,0.1,0.1,0,0,performance_analyzing.exe
Caller,_RTC_CheckStackVars,R_Boxes,"1,680",0.71,0.71,0,0,performance_analyzing.exe
Caller,_RTC_CheckStackVars,Rot_Sub_Rcon_word,20,0.01,0.01,0,0,performance_analyzing.exe
Caller,_RTC_CheckStackVars,round_keys_generator,2,0,0,0,0,performance_analyzing.exe
Caller,_RTC_CheckStackVars,Tag_remover,1,0.01,0.01,0,0,performance_analyzing.exe
Caller,_RTC_CheckStackVars,zero_padding,2,0.02,0.02,0,0,performance_analyzing.exe
Root,_RTC_Initialize,_RTC_Initialize,1,0,0,0,0,performance_analyzing.exe
Caller,_RTC_Initialize,pre_c_initialization,1,0,0,0,0,performance_analyzing.exe
Root,_RTC_Terminate,_RTC_Terminate,1,0,0,0,0,performance_analyzing.exe
Caller,_RTC_Terminate,__scrt_common_main_seh,1,0,0,0,0,performance_analyzing.exe
Root,_vfprintf_l,_vfprintf_l,7,34.66,0.01,0.71,0,performance_analyzing.exe
Caller,_vfprintf_l,printf,7,34.66,0.01,0.71,0,performance_analyzing.exe
Callee,_vfprintf_l,__CheckForDebuggerJustMyCode,7,0,0,0,0,performance_analyzing.exe
Callee,_vfprintf_l,__local_stdio_printf_options,7,0,0,0,0,performance_analyzing.exe
Callee,_vfprintf_l,__stdio_common_vfprintf,7,34.64,34.64,0.71,0.71,ucrtbased.dll
Root,AESEncryption,AESEncryption,10,38.77,0.26,0.56,0,performance_analyzing.exe
Caller,AESEncryption,OCB_enc_dyc,6,23.01,0.11,0.55,0,performance_analyzing.exe
Caller,AESEncryption,OCB_init,4,15.76,0.15,0.56,0.01,performance_analyzing.exe
Callee,AESEncryption,__CheckForDebuggerJustMyCode,10,0,0,0,0,performance_analyzing.exe
Callee,AESEncryption,__security_check_cookie,10,0.01,0.01,0,0,performance_analyzing.exe
Callee,AESEncryption,_RTC_CheckStackVars,10,0.02,0.02,0,0,performance_analyzing.exe
Callee,AESEncryption,mixColumns,90,24.41,2.22,0.04,0,performance_analyzing.exe
Callee,AESEncryption,SubShiftRow,100,14.07,0.9,0.02,0,performance_analyzing.exe
Root,Array_1d_to_2d,Array_1d_to_2d,12,0.04,0.02,0,0,performance_analyzing.exe
Caller,Array_1d_to_2d,OCB_enc_dyc,10,0.02,0.02,0,0,performance_analyzing.exe
Caller,Array_1d_to_2d,OCB_init,2,0.02,0,0,0,performance_analyzing.exe
Callee,Array_1d_to_2d,__CheckForDebuggerJustMyCode,12,0.02,0.02,0,0,performance_analyzing.exe
Root,array_1d_to_str,array_1d_to_str,2,0.12,0.05,0.01,0,performance_analyzing.exe
Caller,array_1d_to_str,OCB_enc_dyc,2,0.12,0.05,0.01,0,performance_analyzing.exe
Callee,array_1d_to_str,__CheckForDebuggerJustMyCode,2,0,0,0,0,performance_analyzing.exe
Callee,array_1d_to_str,int_to_hex,64,0.07,0.03,0,0,performance_analyzing.exe
Root,Array_2d_to_1d,Array_2d_to_1d,12,0.02,0.02,0,0,performance_analyzing.exe
Caller,Array_2d_to_1d,OCB_enc_dyc,8,0.02,0.02,0,0,performance_analyzing.exe
Caller,Array_2d_to_1d,OCB_init,4,0,0,0,0,performance_analyzing.exe
Callee,Array_2d_to_1d,__CheckForDebuggerJustMyCode,12,0,0,0,0,performance_analyzing.exe
Root,atexit,atexit,1,0.11,0,0.02,0,performance_analyzing.exe
Caller,atexit,pre_c_initialization,1,0.11,0,0.02,0,performance_analyzing.exe
Callee,atexit,_onexit,1,0.11,0.11,0.02,0.02,performance_analyzing.exe
Root,ceil,ceil,2,0.07,0.07,0.01,0.01,ucrtbased.dll
Caller,ceil,L_Array_Length,2,0.07,0.07,0.01,0.01,performance_analyzing.exe
Root,ciphertext_blocks_to_str,ciphertext_blocks_to_str,2,0.2,0.07,0.01,0,performance_analyzing.exe
Caller,ciphertext_blocks_to_str,OCB_enc_dyc,2,0.2,0.07,0.01,0,performance_analyzing.exe
Callee,ciphertext_blocks_to_str,__CheckForDebuggerJustMyCode,2,0,0,0,0,performance_analyzing.exe
Callee,ciphertext_blocks_to_str,int_to_hex,136,0.13,0.05,0,0,performance_analyzing.exe
Root,error_Handler,error_Handler,2,31.54,0,2.26,0,performance_analyzing.exe
Caller,error_Handler,error_Handler,2,31.54,0,2.26,0,performance_analyzing.exe
Callee,error_Handler,printf,2,31.54,0.04,2.26,0,performance_analyzing.exe
Root,error_Handler,error_Handler,2,31.54,0,2.26,0,performance_analyzing.exe
Caller,error_Handler,main,2,31.54,0,2.26,0,performance_analyzing.exe
Callee,error_Handler,__CheckForDebuggerJustMyCode,2,0,0,0,0,performance_analyzing.exe
Callee,error_Handler,error_Handler,2,31.54,0,2.26,0,performance_analyzing.exe
Root,GetModuleHandleW,GetModuleHandleW,1,0,0,0,0,KERNEL32.DLL
Caller,GetModuleHandleW,__scrt_is_managed_app,1,0,0,0,0,performance_analyzing.exe
Root,hex_to_int,hex_to_int,6,0,0,0,0,performance_analyzing.exe
Caller,hex_to_int,hex_to_int,6,0,0,0,0,performance_analyzing.exe
Root,hex_to_int,hex_to_int,179,0.09,0.09,0,0,performance_analyzing.exe
Caller,hex_to_int,hex_to_int,179,0.09,0.09,0,0,performance_analyzing.exe
Root,hex_to_int,hex_to_int,7,0,0,0,0,performance_analyzing.exe
Caller,hex_to_int,hex_to_int,7,0,0,0,0,performance_analyzing.exe
Root,hex_to_int,hex_to_int,8,0,0,0,0,performance_analyzing.exe
Caller,hex_to_int,hex_to_int,8,0,0,0,0,performance_analyzing.exe
Root,hex_to_int,hex_to_int,8,0,0,0,0,performance_analyzing.exe
Caller,hex_to_int,hex_to_int,8,0,0,0,0,performance_analyzing.exe
Root,hex_to_int,hex_to_int,5,0,0,0,0,performance_analyzing.exe
Caller,hex_to_int,hex_to_int,5,0,0,0,0,performance_analyzing.exe
Root,hex_to_int,hex_to_int,7,0,0,0,0,performance_analyzing.exe
Caller,hex_to_int,hex_to_int,7,0,0,0,0,performance_analyzing.exe
Root,hex_to_int,hex_to_int,8,0,0,0,0,performance_analyzing.exe
Caller,hex_to_int,hex_to_int,8,0,0,0,0,performance_analyzing.exe
Root,hex_to_int,hex_to_int,7,0,0,0,0,performance_analyzing.exe
Caller,hex_to_int,hex_to_int,7,0,0,0,0,performance_analyzing.exe
Root,hex_to_int,hex_to_int,11,0,0,0,0,performance_analyzing.exe
Caller,hex_to_int,hex_to_int,11,0,0,0,0,performance_analyzing.exe
Root,hex_to_int,hex_to_int,9,0.02,0.02,0,0,performance_analyzing.exe
Caller,hex_to_int,hex_to_int,9,0.02,0.02,0,0,performance_analyzing.exe
Root,hex_to_int,hex_to_int,8,0,0,0,0,performance_analyzing.exe
Caller,hex_to_int,hex_to_int,8,0,0,0,0,performance_analyzing.exe
Root,hex_to_int,hex_to_int,9,0,0,0,0,performance_analyzing.exe
Caller,hex_to_int,hex_to_int,9,0,0,0,0,performance_analyzing.exe
Root,hex_to_int,hex_to_int,9,0,0,0,0,performance_analyzing.exe
Caller,hex_to_int,hex_to_int,9,0,0,0,0,performance_analyzing.exe
Root,hex_to_int,hex_to_int,320,0.4,0.17,0,0,performance_analyzing.exe
Caller,hex_to_int,plainntext_to_blocks,192,0.21,0.08,0,0,performance_analyzing.exe
Caller,hex_to_int,str_to_Uchar_array,128,0.19,0.09,0,0,performance_analyzing.exe
Callee,hex_to_int,__CheckForDebuggerJustMyCode,320,0.08,0.08,0,0,performance_analyzing.exe
Callee,hex_to_int,hex_to_int,9,0,0,0,0,performance_analyzing.exe
Callee,hex_to_int,hex_to_int,8,0,0,0,0,performance_analyzing.exe
Callee,hex_to_int,hex_to_int,9,0.02,0.02,0,0,performance_analyzing.exe
Callee,hex_to_int,hex_to_int,11,0,0,0,0,performance_analyzing.exe
Callee,hex_to_int,hex_to_int,7,0,0,0,0,performance_analyzing.exe
Callee,hex_to_int,hex_to_int,8,0,0,0,0,performance_analyzing.exe
Callee,hex_to_int,hex_to_int,7,0,0,0,0,performance_analyzing.exe
Callee,hex_to_int,hex_to_int,5,0,0,0,0,performance_analyzing.exe
Callee,hex_to_int,hex_to_int,8,0,0,0,0,performance_analyzing.exe
Callee,hex_to_int,hex_to_int,8,0,0,0,0,performance_analyzing.exe
Callee,hex_to_int,hex_to_int,7,0,0,0,0,performance_analyzing.exe
Callee,hex_to_int,hex_to_int,9,0,0,0,0,performance_analyzing.exe
Callee,hex_to_int,hex_to_int,30,0.01,0.01,0,0,performance_analyzing.exe
Callee,hex_to_int,hex_to_int,179,0.09,0.09,0,0,performance_analyzing.exe
Callee,hex_to_int,hex_to_int,6,0,0,0,0,performance_analyzing.exe
Callee,hex_to_int,hex_to_int,9,0,0,0,0,performance_analyzing.exe
Root,hex_to_int,hex_to_int,9,0,0,0,0,performance_analyzing.exe
Caller,hex_to_int,hex_to_int,9,0,0,0,0,performance_analyzing.exe
Root,hex_to_int,hex_to_int,30,0.01,0.01,0,0,performance_analyzing.exe
Caller,hex_to_int,hex_to_int,30,0.01,0.01,0,0,performance_analyzing.exe
Root,int_to_hex,int_to_hex,10,0,0,0,0,performance_analyzing.exe
Caller,int_to_hex,int_to_hex,10,0,0,0,0,performance_analyzing.exe
Root,int_to_hex,int_to_hex,17,0.01,0.01,0,0,performance_analyzing.exe
Caller,int_to_hex,int_to_hex,17,0.01,0.01,0,0,performance_analyzing.exe
Root,int_to_hex,int_to_hex,12,0,0,0,0,performance_analyzing.exe
Caller,int_to_hex,int_to_hex,12,0,0,0,0,performance_analyzing.exe
Root,int_to_hex,int_to_hex,7,0,0,0,0,performance_analyzing.exe
Caller,int_to_hex,int_to_hex,7,0,0,0,0,performance_analyzing.exe
Root,int_to_hex,int_to_hex,13,0,0,0,0,performance_analyzing.exe
Caller,int_to_hex,int_to_hex,13,0,0,0,0,performance_analyzing.exe
Root,int_to_hex,int_to_hex,11,0,0,0,0,performance_analyzing.exe
Caller,int_to_hex,int_to_hex,11,0,0,0,0,performance_analyzing.exe
Root,int_to_hex,int_to_hex,8,0,0,0,0,performance_analyzing.exe
Caller,int_to_hex,int_to_hex,8,0,0,0,0,performance_analyzing.exe
Root,int_to_hex,int_to_hex,31,0.01,0.01,0,0,performance_analyzing.exe
Caller,int_to_hex,int_to_hex,31,0.01,0.01,0,0,performance_analyzing.exe
Root,int_to_hex,int_to_hex,6,0,0,0,0,performance_analyzing.exe
Caller,int_to_hex,int_to_hex,6,0,0,0,0,performance_analyzing.exe
Root,int_to_hex,int_to_hex,32,0.01,0.01,0,0,performance_analyzing.exe
Caller,int_to_hex,int_to_hex,32,0.01,0.01,0,0,performance_analyzing.exe
Root,int_to_hex,int_to_hex,7,0,0,0,0,performance_analyzing.exe
Caller,int_to_hex,int_to_hex,7,0,0,0,0,performance_analyzing.exe
Root,int_to_hex,int_to_hex,11,0,0,0,0,performance_analyzing.exe
Caller,int_to_hex,int_to_hex,11,0,0,0,0,performance_analyzing.exe
Root,int_to_hex,int_to_hex,14,0,0,0,0,performance_analyzing.exe
Caller,int_to_hex,int_to_hex,14,0,0,0,0,performance_analyzing.exe
Root,int_to_hex,int_to_hex,9,0,0,0,0,performance_analyzing.exe
Caller,int_to_hex,int_to_hex,9,0,0,0,0,performance_analyzing.exe
Root,int_to_hex,int_to_hex,200,0.2,0.07,0,0,performance_analyzing.exe
Caller,int_to_hex,array_1d_to_str,64,0.07,0.03,0,0,performance_analyzing.exe
Caller,int_to_hex,ciphertext_blocks_to_str,136,0.13,0.05,0,0,performance_analyzing.exe
Callee,int_to_hex,__CheckForDebuggerJustMyCode,200,0.06,0.06,0,0,performance_analyzing.exe
Callee,int_to_hex,int_to_hex,7,0,0,0,0,performance_analyzing.exe
Callee,int_to_hex,int_to_hex,14,0,0,0,0,performance_analyzing.exe
Callee,int_to_hex,int_to_hex,5,0,0,0,0,performance_analyzing.exe
Callee,int_to_hex,int_to_hex,6,0,0,0,0,performance_analyzing.exe
Callee,int_to_hex,int_to_hex,10,0,0,0,0,performance_analyzing.exe
Callee,int_to_hex,int_to_hex,17,0.01,0.01,0,0,performance_analyzing.exe
Callee,int_to_hex,int_to_hex,12,0,0,0,0,performance_analyzing.exe
Callee,int_to_hex,int_to_hex,13,0,0,0,0,performance_analyzing.exe
Callee,int_to_hex,int_to_hex,11,0,0,0,0,performance_analyzing.exe
Callee,int_to_hex,int_to_hex,8,0,0,0,0,performance_analyzing.exe
Callee,int_to_hex,int_to_hex,7,0,0,0,0,performance_analyzing.exe
Callee,int_to_hex,int_to_hex,11,0,0,0,0,performance_analyzing.exe
Callee,int_to_hex,int_to_hex,32,0.01,0.01,0,0,performance_analyzing.exe
Callee,int_to_hex,int_to_hex,31,0.01,0.01,0,0,performance_analyzing.exe
Callee,int_to_hex,int_to_hex,9,0,0,0,0,performance_analyzing.exe
Callee,int_to_hex,int_to_hex,7,0,0,0,0,performance_analyzing.exe
Root,int_to_hex,int_to_hex,7,0,0,0,0,performance_analyzing.exe
Caller,int_to_hex,int_to_hex,7,0,0,0,0,performance_analyzing.exe
Root,int_to_hex,int_to_hex,5,0,0,0,0,performance_analyzing.exe
Caller,int_to_hex,int_to_hex,5,0,0,0,0,performance_analyzing.exe
Root,inverseMixedColumn,inverseMixedColumn,18,10.72,0.71,0.09,0.01,performance_analyzing.exe
Caller,inverseMixedColumn,__DebuggerCurrentSteppingThreadId,18,10.72,0.71,0.09,0.01,performance_analyzing.exe
Callee,inverseMixedColumn,__CheckForDebuggerJustMyCode,18,0,0,0,0,performance_analyzing.exe
Callee,inverseMixedColumn,__security_check_cookie,18,0.01,0.01,0,0,performance_analyzing.exe
Callee,inverseMixedColumn,_RTC_CheckStackVars,18,0.02,0.02,0,0,performance_analyzing.exe
Callee,inverseMixedColumn,R_Boxes,"1,152",9.97,8.09,0,0,performance_analyzing.exe
Root,inverseSubShiftRow,inverseSubShiftRow,20,2.5,0.28,0.02,0,performance_analyzing.exe
Caller,inverseSubShiftRow,__DebuggerCurrentSteppingThreadId,20,2.5,0.28,0.02,0,performance_analyzing.exe
Callee,inverseSubShiftRow,__CheckForDebuggerJustMyCode,20,0,0,0,0,performance_analyzing.exe
Callee,inverseSubShiftRow,R_Boxes,320,2.21,1.88,0,0,performance_analyzing.exe
Root,invoke_main,invoke_main,1,90.57,0.01,12.98,0,performance_analyzing.exe
Caller,invoke_main,__scrt_common_main_seh,1,90.57,0.01,12.98,0,performance_analyzing.exe
Callee,invoke_main,main,1,90.56,0.13,12.98,0.02,performance_analyzing.exe
Root,L_Array_Length,L_Array_Length,2,0.2,0,0.01,0,performance_analyzing.exe
Caller,L_Array_Length,OCB_init,2,0.2,0,0.01,0,performance_analyzing.exe
Callee,L_Array_Length,__CheckForDebuggerJustMyCode,2,0,0,0,0,performance_analyzing.exe
Callee,L_Array_Length,ceil,2,0.07,0.07,0.01,0.01,ucrtbased.dll
Callee,L_Array_Length,log2,2,0.12,0.12,0.01,0.01,ucrtbased.dll
Root,log2,log2,2,0.12,0.12,0.01,0.01,ucrtbased.dll
Caller,log2,L_Array_Length,2,0.12,0.12,0.01,0.01,performance_analyzing.exe
Root,main,main,1,90.56,0.13,12.98,0.02,performance_analyzing.exe
Caller,main,invoke_main,1,90.56,0.13,12.98,0.02,performance_analyzing.exe
Callee,main,__CheckForDebuggerJustMyCode,1,0,0,0,0,performance_analyzing.exe
Callee,main,__chkstk,1,0.05,0.05,0.01,0.01,performance_analyzing.exe
Callee,main,__security_check_cookie,1,0,0,0,0,performance_analyzing.exe
Callee,main,_RTC_CheckStackVars,1,0,0,0,0,performance_analyzing.exe
Callee,main,error_Handler,2,31.54,0,2.26,0,performance_analyzing.exe
Callee,main,OCB_enc_dyc,2,55.63,0.45,3.99,0.03,performance_analyzing.exe
Callee,main,printf,5,3.21,0.04,0.09,0,performance_analyzing.exe
Root,mainCRTStartup,mainCRTStartup,1,100,0.05,14.33,0.01,performance_analyzing.exe
Callee,mainCRTStartup,__scrt_common_main,1,99.95,7.74,14.33,1.11,performance_analyzing.exe
Root,mixColumns,mixColumns,90,24.41,2.22,0.04,0,performance_analyzing.exe
Caller,mixColumns,AESEncryption,90,24.41,2.22,0.04,0,performance_analyzing.exe
Callee,mixColumns,__CheckForDebuggerJustMyCode,90,0.03,0.03,0,0,performance_analyzing.exe
Callee,mixColumns,__security_check_cookie,90,0.05,0.05,0,0,performance_analyzing.exe
Callee,mixColumns,_RTC_CheckStackVars,90,0.04,0.04,0,0,performance_analyzing.exe
Callee,mixColumns,R_Boxes,"2,880",22.07,16.92,0,0,performance_analyzing.exe
Root,ntz,ntz,4,0,0,0,0,performance_analyzing.exe
Caller,ntz,OCB_init,4,0,0,0,0,performance_analyzing.exe
Callee,ntz,__CheckForDebuggerJustMyCode,4,0,0,0,0,performance_analyzing.exe
Root,Number_of_Blocks,Number_of_Blocks,2,0,0,0,0,performance_analyzing.exe
Caller,Number_of_Blocks,OCB_enc_dyc,2,0,0,0,0,performance_analyzing.exe
Callee,Number_of_Blocks,__CheckForDebuggerJustMyCode,2,0,0,0,0,performance_analyzing.exe
Root,OCB_enc_dyc,OCB_enc_dyc,2,55.63,0.45,3.99,0.03,performance_analyzing.exe
Caller,OCB_enc_dyc,main,2,55.63,0.45,3.99,0.03,performance_analyzing.exe
Callee,OCB_enc_dyc,__CheckForDebuggerJustMyCode,2,0,0,0,0,performance_analyzing.exe
Callee,OCB_enc_dyc,__chkstk,2,0.24,0.24,0.02,0.02,performance_analyzing.exe
Callee,OCB_enc_dyc,__DebuggerCurrentSteppingThreadId,2,13.34,0.12,0.96,0.01,performance_analyzing.exe
Callee,OCB_enc_dyc,__security_check_cookie,2,0,0,0,0,performance_analyzing.exe
Callee,OCB_enc_dyc,_RTC_CheckStackVars,2,0.01,0.01,0,0,performance_analyzing.exe
Callee,OCB_enc_dyc,AESEncryption,6,23.01,0.11,0.55,0,performance_analyzing.exe
Callee,OCB_enc_dyc,Array_1d_to_2d,10,0.02,0.02,0,0,performance_analyzing.exe
Callee,OCB_enc_dyc,array_1d_to_str,2,0.12,0.05,0.01,0,performance_analyzing.exe
Callee,OCB_enc_dyc,Array_2d_to_1d,8,0.02,0.02,0,0,performance_analyzing.exe
Callee,OCB_enc_dyc,ciphertext_blocks_to_str,2,0.2,0.07,0.01,0,performance_analyzing.exe
Callee,OCB_enc_dyc,Number_of_Blocks,2,0,0,0,0,performance_analyzing.exe
Callee,OCB_enc_dyc,OCB_init,2,16.43,0.29,1.18,0.02,performance_analyzing.exe
Callee,OCB_enc_dyc,plainntext_to_blocks,2,0.37,0.11,0.03,0.01,performance_analyzing.exe
Callee,OCB_enc_dyc,round_keys_generator,2,0.88,0.03,0.06,0,performance_analyzing.exe
Callee,OCB_enc_dyc,str_to_Uchar_array,2,0.32,0.2,0.02,0.01,performance_analyzing.exe
Callee,OCB_enc_dyc,Tag_remover,1,0.18,0.01,0.03,0,performance_analyzing.exe
Callee,OCB_enc_dyc,xor_arrays,24,0.04,0.04,0,0,performance_analyzing.exe
Root,OCB_init,OCB_init,2,16.43,0.29,1.18,0.02,performance_analyzing.exe
Caller,OCB_init,OCB_enc_dyc,2,16.43,0.29,1.18,0.02,performance_analyzing.exe
Callee,OCB_init,__CheckForDebuggerJustMyCode,2,0,0,0,0,performance_analyzing.exe
Callee,OCB_init,__security_check_cookie,2,0,0,0,0,performance_analyzing.exe
Callee,OCB_init,_RTC_CheckStackVars,2,0.01,0.01,0,0,performance_analyzing.exe
Callee,OCB_init,AESEncryption,4,15.76,0.15,0.56,0.01,performance_analyzing.exe
Callee,OCB_init,Array_1d_to_2d,2,0.02,0,0,0,performance_analyzing.exe
Callee,OCB_init,Array_2d_to_1d,4,0,0,0,0,performance_analyzing.exe
Callee,OCB_init,L_Array_Length,2,0.2,0,0.01,0,performance_analyzing.exe
Callee,OCB_init,ntz,4,0,0,0,0,performance_analyzing.exe
Callee,OCB_init,OCB_L_Shift,4,0.01,0.01,0,0,performance_analyzing.exe
Callee,OCB_init,OCB_R_Shift,2,0,0,0,0,performance_analyzing.exe
Callee,OCB_init,str_to_Uchar_array,2,0.11,0.04,0.01,0,performance_analyzing.exe
Callee,OCB_init,xor_arrays,8,0.01,0.01,0,0,performance_analyzing.exe
Root,OCB_L_Shift,OCB_L_Shift,4,0.01,0.01,0,0,performance_analyzing.exe
Caller,OCB_L_Shift,OCB_init,4,0.01,0.01,0,0,performance_analyzing.exe
Callee,OCB_L_Shift,__CheckForDebuggerJustMyCode,4,0,0,0,0,performance_analyzing.exe
Root,OCB_R_Shift,OCB_R_Shift,2,0,0,0,0,performance_analyzing.exe
Caller,OCB_R_Shift,OCB_init,2,0,0,0,0,performance_analyzing.exe
Callee,OCB_R_Shift,__CheckForDebuggerJustMyCode,2,0,0,0,0,performance_analyzing.exe
Root,plainntext_to_blocks,plainntext_to_blocks,2,0.37,0.11,0.03,0.01,performance_analyzing.exe
Caller,plainntext_to_blocks,OCB_enc_dyc,2,0.37,0.11,0.03,0.01,performance_analyzing.exe
Callee,plainntext_to_blocks,__CheckForDebuggerJustMyCode,2,0,0,0,0,performance_analyzing.exe
Callee,plainntext_to_blocks,__security_check_cookie,2,0,0,0,0,performance_analyzing.exe
Callee,plainntext_to_blocks,_RTC_CheckStackVars,2,0.01,0.01,0,0,performance_analyzing.exe
Callee,plainntext_to_blocks,hex_to_int,192,0.21,0.08,0,0,performance_analyzing.exe
Callee,plainntext_to_blocks,zero_padding,2,0.04,0.02,0,0,performance_analyzing.exe
Root,post_pgo_initialization,post_pgo_initialization,1,0.25,0,0.04,0,performance_analyzing.exe
Caller,post_pgo_initialization,__scrt_common_main_seh,1,0.25,0,0.04,0,performance_analyzing.exe
Callee,post_pgo_initialization,__scrt_initialize_default_local_stdio_options,1,0.25,0.1,0.04,0.01,performance_analyzing.exe
Root,pre_c_initialization,pre_c_initialization,1,0.71,0.08,0.1,0.01,performance_analyzing.exe
Caller,pre_c_initialization,__scrt_common_main_seh,1,0.71,0.08,0.1,0.01,performance_analyzing.exe
Callee,pre_c_initialization,__scrt_file_policy::set_commode,1,0.03,0.03,0,0,performance_analyzing.exe
Callee,pre_c_initialization,__scrt_file_policy::set_fmode,1,0.05,0.05,0.01,0.01,performance_analyzing.exe
Callee,pre_c_initialization,__scrt_initialize_mta,1,0,0,0,0,performance_analyzing.exe
Callee,pre_c_initialization,__scrt_initialize_onexit_tables,1,0,0,0,0,performance_analyzing.exe
Callee,pre_c_initialization,__scrt_is_user_matherr_present,1,0,0,0,0,performance_analyzing.exe
Callee,pre_c_initialization,__scrt_main_policy::set_app_type,1,0.05,0.05,0.01,0.01,performance_analyzing.exe
Callee,pre_c_initialization,__scrt_narrow_argv_policy::configure_argv,1,0.38,0.38,0.05,0.05,performance_analyzing.exe
Callee,pre_c_initialization,__scrt_narrow_environment_policy::initialize_environment,1,0,0,0,0,performance_analyzing.exe
Callee,pre_c_initialization,_RTC_Initialize,1,0,0,0,0,performance_analyzing.exe
Callee,pre_c_initialization,atexit,1,0.11,0,0.02,0,performance_analyzing.exe
Root,printf,printf,7,34.75,0.08,0.71,0,performance_analyzing.exe
Caller,printf,error_Handler,2,31.54,0.04,2.26,0,performance_analyzing.exe
Caller,printf,main,5,3.21,0.04,0.09,0,performance_analyzing.exe
Callee,printf,__acrt_iob_func,7,0.01,0.01,0,0,ucrtbased.dll
Callee,printf,__CheckForDebuggerJustMyCode,7,0,0,0,0,performance_analyzing.exe
Callee,printf,__security_check_cookie,7,0.01,0.01,0,0,performance_analyzing.exe
Callee,printf,_RTC_CheckStackVars,7,0,0,0,0,performance_analyzing.exe
Callee,printf,_vfprintf_l,7,34.66,0.01,0.71,0,performance_analyzing.exe
Root,R_Boxes,R_Boxes,288,0.59,0.5,0,0,performance_analyzing.exe
Caller,R_Boxes,R_Boxes,288,0.59,0.5,0,0,performance_analyzing.exe
Callee,R_Boxes,_RTC_CheckStackVars,288,0.09,0.09,0,0,performance_analyzing.exe
Root,R_Boxes,R_Boxes,320,0.27,0.19,0,0,performance_analyzing.exe
Caller,R_Boxes,R_Boxes,320,0.27,0.19,0,0,performance_analyzing.exe
Callee,R_Boxes,_RTC_CheckStackVars,320,0.09,0.09,0,0,performance_analyzing.exe
Root,R_Boxes,R_Boxes,"1,440",2.27,1.29,0,0,performance_analyzing.exe
Caller,R_Boxes,R_Boxes,"1,440",2.27,1.29,0,0,performance_analyzing.exe
Callee,R_Boxes,_RTC_CheckStackVars,"1,440",0.98,0.98,0,0,performance_analyzing.exe
Root,R_Boxes,R_Boxes,"1,440",1.72,1.14,0,0,performance_analyzing.exe
Caller,R_Boxes,R_Boxes,"1,440",1.72,1.14,0,0,performance_analyzing.exe
Callee,R_Boxes,_RTC_CheckStackVars,"1,440",0.58,0.58,0,0,performance_analyzing.exe
Root,R_Boxes,R_Boxes,288,0.35,0.18,0,0,performance_analyzing.exe
Caller,R_Boxes,R_Boxes,288,0.35,0.18,0,0,performance_analyzing.exe
Callee,R_Boxes,_RTC_CheckStackVars,288,0.17,0.17,0,0,performance_analyzing.exe
Root,R_Boxes,R_Boxes,"1,680",2.94,2.22,0,0,performance_analyzing.exe
Caller,R_Boxes,R_Boxes,"1,680",2.94,2.22,0,0,performance_analyzing.exe
Callee,R_Boxes,_RTC_CheckStackVars,"1,680",0.71,0.71,0,0,performance_analyzing.exe
Root,R_Boxes,R_Boxes,288,0.34,0.17,0,0,performance_analyzing.exe
Caller,R_Boxes,R_Boxes,288,0.34,0.17,0,0,performance_analyzing.exe
Callee,R_Boxes,_RTC_CheckStackVars,288,0.17,0.17,0,0,performance_analyzing.exe
Root,R_Boxes,R_Boxes,288,0.35,0.25,0,0,performance_analyzing.exe
Caller,R_Boxes,R_Boxes,288,0.35,0.25,0,0,performance_analyzing.exe
Callee,R_Boxes,_RTC_CheckStackVars,288,0.1,0.1,0,0,performance_analyzing.exe
Root,R_Boxes,R_Boxes,"6,032",48.19,37.38,0,0,performance_analyzing.exe
Caller,R_Boxes,inverseMixedColumn,"1,152",9.97,8.09,0,0,performance_analyzing.exe
Caller,R_Boxes,inverseSubShiftRow,320,2.21,1.88,0,0,performance_analyzing.exe
Caller,R_Boxes,mixColumns,"2,880",22.07,16.92,0,0,performance_analyzing.exe
Caller,R_Boxes,Rot_Sub_Rcon_word,80,0.78,0.65,0,0,performance_analyzing.exe
Caller,R_Boxes,SubShiftRow,"1,600",13.15,9.85,0,0,performance_analyzing.exe
Callee,R_Boxes,__CheckForDebuggerJustMyCode,"6,032",1.97,1.97,0,0,performance_analyzing.exe
Callee,R_Boxes,R_Boxes,"1,680",2.94,2.22,0,0,performance_analyzing.exe
Callee,R_Boxes,R_Boxes,"1,440",1.72,1.14,0,0,performance_analyzing.exe
Callee,R_Boxes,R_Boxes,"1,440",2.27,1.29,0,0,performance_analyzing.exe
Callee,R_Boxes,R_Boxes,320,0.27,0.19,0,0,performance_analyzing.exe
Callee,R_Boxes,R_Boxes,288,0.59,0.5,0,0,performance_analyzing.exe
Callee,R_Boxes,R_Boxes,288,0.35,0.18,0,0,performance_analyzing.exe
Callee,R_Boxes,R_Boxes,288,0.35,0.25,0,0,performance_analyzing.exe
Callee,R_Boxes,R_Boxes,288,0.34,0.17,0,0,performance_analyzing.exe
Root,Rot_Sub_Rcon_word,Rot_Sub_Rcon_word,20,0.84,0.05,0.01,0,performance_analyzing.exe
Caller,Rot_Sub_Rcon_word,round_keys_generator,20,0.84,0.05,0.01,0,performance_analyzing.exe
Callee,Rot_Sub_Rcon_word,__CheckForDebuggerJustMyCode,20,0,0,0,0,performance_analyzing.exe
Callee,Rot_Sub_Rcon_word,_RTC_CheckStackVars,20,0.01,0.01,0,0,performance_analyzing.exe
Callee,Rot_Sub_Rcon_word,R_Boxes,80,0.78,0.65,0,0,performance_analyzing.exe
Root,round_keys_generator,round_keys_generator,2,0.88,0.03,0.06,0,performance_analyzing.exe
Caller,round_keys_generator,OCB_enc_dyc,2,0.88,0.03,0.06,0,performance_analyzing.exe
Callee,round_keys_generator,__CheckForDebuggerJustMyCode,2,0,0,0,0,performance_analyzing.exe
Callee,round_keys_generator,__security_check_cookie,2,0,0,0,0,performance_analyzing.exe
Callee,round_keys_generator,_RTC_CheckStackVars,2,0,0,0,0,performance_analyzing.exe
Callee,round_keys_generator,Rot_Sub_Rcon_word,20,0.84,0.05,0.01,0,performance_analyzing.exe
Root,str_to_Uchar_array,str_to_Uchar_array,4,0.43,0.24,0.02,0.01,performance_analyzing.exe
Caller,str_to_Uchar_array,OCB_enc_dyc,2,0.32,0.2,0.02,0.01,performance_analyzing.exe
Caller,str_to_Uchar_array,OCB_init,2,0.11,0.04,0.01,0,performance_analyzing.exe
Callee,str_to_Uchar_array,__CheckForDebuggerJustMyCode,4,0,0,0,0,performance_analyzing.exe
Callee,str_to_Uchar_array,hex_to_int,128,0.19,0.09,0,0,performance_analyzing.exe
Root,strncpy,strncpy,2,0.07,0.07,0.01,0.01,ucrtbased.dll
Caller,strncpy,Tag_remover,2,0.07,0.07,0.01,0.01,performance_analyzing.exe
Root,SubShiftRow,SubShiftRow,100,14.07,0.9,0.02,0,performance_analyzing.exe
Caller,SubShiftRow,AESEncryption,100,14.07,0.9,0.02,0,performance_analyzing.exe
Callee,SubShiftRow,__CheckForDebuggerJustMyCode,100,0.02,0.02,0,0,performance_analyzing.exe
Callee,SubShiftRow,R_Boxes,"1,600",13.15,9.85,0,0,performance_analyzing.exe
Root,Tag_remover,Tag_remover,1,0.18,0.01,0.03,0,performance_analyzing.exe
Caller,Tag_remover,OCB_enc_dyc,1,0.18,0.01,0.03,0,performance_analyzing.exe
Callee,Tag_remover,__CheckForDebuggerJustMyCode,1,0,0,0,0,performance_analyzing.exe
Callee,Tag_remover,__chkstk,1,0.09,0.09,0.01,0.01,performance_analyzing.exe
Callee,Tag_remover,_RTC_CheckStackVars,1,0.01,0.01,0,0,performance_analyzing.exe
Callee,Tag_remover,strncpy,2,0.07,0.07,0.01,0.01,ucrtbased.dll
Root,xor_arrays,xor_arrays,32,0.05,0.05,0,0,performance_analyzing.exe
Caller,xor_arrays,OCB_enc_dyc,24,0.04,0.04,0,0,performance_analyzing.exe
Caller,xor_arrays,OCB_init,8,0.01,0.01,0,0,performance_analyzing.exe
Callee,xor_arrays,__CheckForDebuggerJustMyCode,32,0,0,0,0,performance_analyzing.exe
Root,zero_padding,zero_padding,2,0.04,0.02,0,0,performance_analyzing.exe
Caller,zero_padding,plainntext_to_blocks,2,0.04,0.02,0,0,performance_analyzing.exe
Callee,zero_padding,__CheckForDebuggerJustMyCode,2,0,0,0,0,performance_analyzing.exe
Callee,zero_padding,__security_check_cookie,2,0,0,0,0,performance_analyzing.exe
Callee,zero_padding,_RTC_CheckStackVars,2,0.02,0.02,0,0,performance_analyzing.exe
